id,life_time,max_numOf_reviews_daily,early_review_ratio,rating_distribution,repeated_rating,review_summary_duplicate,helpfulness_score,rating_deviation,label
A2AFSJMXVDKBFM,729,6,0.125,0.375,0,0.066387575,10,0.5,0
A2Y67I6C50BBJY,995,4,0.288888889,0.4,1,0.025793801,369,0.511111111,1
A3MQQQIMFUBRV5,1321,3,0.307692308,0.538461538,0,0.042193223,134,0.461538462,1
A2N8QSGMOLXFUN,0,3,0,1,0,1,6,0,1
A1Z54EM24Y40LL,1078,24,0.408602151,0.758832565,5,0.033131405,2244,0.894009217,0
A3P455OC79MY6I,143,3,0,0.666666667,1,0.152533963,15,0.333333333,0
A1XGDOMTTP3XLK,0,4,1,1,0,1,3,1,1
A100ZTESFDD58F,484,4,0.066666667,0.533333333,1,0.043033461,51,0.266666667,0
A2B7BUH8834Y6M,2249,43,0.517647059,0.752941176,0,0.009974684,12539,0.868235294,1
A3MI8RN7408373,34,8,0,0.411764706,0,0.021791226,19,0,0
A36XQZOO796HZ6,0,8,0,0.625,0,0.065776954,4,0.375,1
A1MC04RAVMYA7E,1,8,0,0.9,0,0.015687702,18,0.1,0
ATY1TGX2BDL53,1242,7,0.075,0.525,0,0.0301373,88,0.475,0
A1CJ9W0FTHC1O8,11,5,1,1,0,0.006011905,22,1,1
APCH7TQ8F5M3W,10,2,0,1,0,0.043152644,3,0.333333333,0
A1MGLS3OI7RJWG,116,6,0,0.818181818,0,0.014252096,30,0.181818182,0
A3MIXP7LPB07IC,0,5,0,1,1,0.129047232,6,0.4,1
A361FIH2WLTR5X,237,6,0.130434783,0.739130435,0,0.04017294,35,0.52173913,1
A3URRTIZEE8R7W,0,3,0.333333333,1,0,0.053878786,-1,0.666666667,1
A37PV5GMP2ILJC,1337,4,0.266578249,0.287798408,0,0.009051748,6493,0.766578249,0
A3IBOQ8R44YG9L,1768,9,0.368,0.664,5,0.024520249,2420,0.776,1
A2IMEF2CCT5RVQ,378,8,0.153846154,0.307692308,0,0.012795129,87,0.384615385,0
AIUGQ4PNB8T6P,1092,4,0.317460317,0.650793651,4,0.025785598,484,0.761904762,1
A12C0UER29529W,347,12,0.280701754,0.51754386,0,0.02326315,895,0.48245614,0
A2P9D5GMCTVZA5,89,3,0.153846154,0.692307692,0,0.020417201,34,0.384615385,0
A320RTTX245ZKM,229,2,0,0.75,0,0,10,0,0
AGHZXQL9F94T9,1245,8,0.424242424,0.383838384,3,0.031755416,2235,0.474747475,1
AQYYUN3T7B0WM,753,4,0.244444444,0.533333333,3,0.024349016,1176,0.555555556,0
A2PGJ6XD5T5300,104,4,0,0.111111111,0,0.01500782,15,0,0
A2G2QNKDL1Y6AC,1546,4,0.288135593,0.677966102,0,0.029066834,2263,0.644067797,1
A2HFZZNLXB0D80,237,2,0,0.428571429,0,0.028020955,11,0,0
A3PE2RN8J6KGO9,65,4,0,0.75,0,0.032829233,35,0.5,1
A2GZX4MOA9D534,0,8,0,0.625,0,0.064669394,24,0.25,0
AEK5GOE7UFP2P,222,10,0.092592593,0.685185185,0,0.031139343,306,0.462962963,0
A1YINATRVM4GB8,0,8,0,0.75,0,0.033885672,-2,0.125,1
A282FSXASVMPXT,61,4,0.142857143,0.714285714,0,0.048047755,12,0,0
A22ZQG6JB5MEIB,472,7,0.090909091,0.727272727,0,0,23,0.454545455,0
A3NM0RAYSL6PA8,3017,6,0.253807107,0.406091371,0,0.013619658,1781,0.461928934,1
A3U9APZ2Z61XN0,84,5,0,0.5,0,0.041606797,58,0.333333333,0
A3CAS0IL2ORA50,104,7,0.083333333,0.583333333,0,0.02734387,51,0.333333333,0
A2GH7T0J1FRX06,832,11,0.510638298,0.872340426,6,0.14744782,772,0.829787234,1
A2CEF79A2TSV4T,242,3,0,0.555555556,0,0.060728496,70,0.444444444,0
A1ZPZNULFUAU2D,1908,16,0.230366492,0.366492147,10,0.026358969,395,0.696335079,1
ALRCAGJOJ9583,446,7,0.214285714,0.714285714,0,0.237793748,57,0.214285714,1
AUI4PY52AUM77,864,2,0.166666667,1,0,0.035256496,21,0.666666667,1
AUPUZ14778SD7,396,5,0.069767442,0.604651163,0,0.036897735,420,0.325581395,0
AY8Q1X7G96HV5,392,13,0.242718447,0.446601942,6,0.018555451,160,0.669902913,1
A1A0MQ7SN8Z60D,1,3,0,0.75,0,0.5,2,0.25,0
A3VZMO8JDPR9UU,81,2,0,0.5,0,0.048582926,26,0.166666667,1
A2GIR7JODJ012V,5,7,0,0.666666667,0,0.05477034,27,0.222222222,0
A2ZM9BGE3K3SY2,1072,39,0.464220183,0.594495413,9,0.019798525,2318,0.708256881,1
A1XCKXGQXLB086,0,3,0,1,0,0,4,0.666666667,1
AXOADEIH0LFC2,0,5,0,0.6,0,0.027582674,7,0.2,0
AAXIW3SRA0S4R,1780,37,0.207492795,0.847262248,1,0.020986771,4297,0.95389049,1
AU4DWPG1M5CKY,1445,12,0,0.588235294,1,0.028092993,-8,0.529411765,0
AIVVZ0LWBN595,1495,3,0.111111111,0.481481481,0,0.033264764,184,0.555555556,0
A2DQ9OB2YUVSZM,1,10,0,0.615384615,0,0.019704136,-4,0.076923077,0
A1Y5TKLXGSSPLQ,0,12,0.083333333,0.416666667,0,0.023739483,12,0.25,1
A2OSRYQUQUALEG,0,6,0.166666667,0.5,0,0.053608708,17,0,0
A3MEIR72XKQY88,710,4,0.34375,0.53125,2,0.025768179,411,0.53125,1
A1IVC19Z1WNITW,149,3,0,0.75,0,0.042749786,5,0.25,0
A1NBDFURUPJQAJ,0,4,0,1,0,0.5,11,0.5,1
A1HH6Z1DU7EJQH,63,7,0.071428571,0.714285714,0,0.024190998,41,0.357142857,0
AQAZFRLATG3OZ,616,2,0.285714286,0.857142857,1,0.125557971,45,1,1
AHZ7WH9K4DSBP,0,10,0.1,0.8,0,0.054820091,362,0.3,0
A3CHKT5JI3XIFL,455,4,0.0625,0.5,0,0.122203506,7,0.4375,1
AL4W0UX9P1H0V,0,4,1,1,0,0.14593041,5,1,1
A9REEKTBGZ5W0,407,11,0.12987013,0.467532468,0,0.021037056,76,0.597402597,0
A3I9J4BE0ZSTL5,59,19,0,0.904761905,0,0.047900064,34,0.19047619,0
A1MWAL2OSVZMKS,39,3,0,0.333333333,0,0.007286609,21,0.333333333,0
AD0J5KK4WQXNS,1707,17,0.117414248,0.755936675,8,0.013718677,3231,0.711081794,1
AZDWMXH6XZEDT,0,3,0,1,0,0.191996278,32,0,1
A12D7ROCUOZVP8,258,13,0.071428571,0.714285714,0,0.059417293,47,0.5,1
ARXU3FESTWMJJ,3177,9,0.265486726,0.504424779,1,0.030432764,1389,0.672566372,0
AX8SWWB9837TA,1288,8,0.102941176,0.551470588,1,0.019994995,1243,0.705882353,1
A3VGKVXQD3LWHO,11,4,0,0.833333333,0,0.104485254,9,0.166666667,1
A2611L97GGZH5,1867,3,0.181818182,0.818181818,0,0.030814778,275,0.272727273,0
A2D6B8N0CTJ28L,355,4,0.125,0.75,0,0.134967186,8,0.5,0
AK5PXCJZPBA67,0,6,0,0.833333333,0,0.128312817,28,0.166666667,0
A34I45DZFU6JND,178,10,0,0.538461538,0,0.041385357,25,0.153846154,0
A1PPD5TOR6VVYV,2464,3,0.213872832,0.699421965,7,0.013645408,766,0.832369942,1
A32AKKZRP848H8,2531,8,0.38,0.42,1,0.037688132,444,0.54,1
A25MKAIW8L3251,473,6,0.214285714,0.5,0,0.046790657,37,0.285714286,0
A23DQEPYHSHASK,0,3,0,1,0,0.115622323,1,0.666666667,0
AJGF1C6A6P8JP,56,5,0.2,0.65,0,0.016334155,45,0.4,0
A1IHKEK41DDYPW,2029,4,0.3125,1,0,0.060213078,76,0.5625,1
A3IU7IR378D2NI,584,6,0,0.535714286,0,0.041297912,98,0.392857143,0
A118GK08650JY7,1730,4,0.225806452,1,6,0.044763047,35,0.870967742,1
A3UISFQMOSZJMO,1369,8,0.240601504,0.69924812,0,0.023655391,2370,0.54887218,0
AIH4IHRTIPWQU,255,11,0.285714286,0.5,0,0.02729308,88,0.678571429,1
A3FLVJV6C0X64P,238,6,0.25,0.625,0,0.05745351,73,0.625,1
A1TCX0R35T4WEH,0,11,0,0.909090909,0,0.047878755,23,0.090909091,0
A2JONDXCNHV5Z2,893,10,0.052631579,0.894736842,2,0.034316223,27,0.421052632,0
AQSNJ8HQ3WHMS,1574,8,0.342857143,0.857142857,0,0.016934719,3800,0.935714286,1
A1ZCYIK3SLXA,1208,4,0.117647059,0.470588235,0,0.03862619,171,0.529411765,0
A3HLUNEJUT3MSP,926,8,0.180327869,0.557377049,5,0.019502327,341,0.778688525,1
AXCIWNWUYX34N,576,6,0.257142857,0.828571429,0,0.039124243,407,0.657142857,1
A15BT7GWK4AAMD,415,7,0.117647059,0.764705882,0,0.042826881,49,0.294117647,0
AULTRHI7WN1AH,0,8,0,0.5,0,0.031322105,7,0,1
A2TI3FHD95F7LA,171,11,0,0.857142857,0,0.017389853,24,0.428571429,0
ANVGQZW0JBUE,1076,10,0.058823529,0.705882353,1,0.039632364,38,0.411764706,1
A3I7UQ3R9B4A1Q,0,3,0,0.666666667,0,0.06347272,1,0,1
A29M92THMIUJLC,0,3,0,1,0,0,5,0,1
A3SQCYXY1RD1WI,1738,3,0,0.846153846,0,0.047412297,6,0.461538462,1
AEU30VFAJ4BKS,514,5,0,0.6,0,0.024473869,84,0.4,0
A13M2OZU0IWFY8,1602,13,0.203821656,0.426751592,1,0.005087111,133,0.732484076,1
AZUER9XCBFHQB,1598,3,0.045454545,0.409090909,0,0.033258804,34,0.318181818,1
AZ3SV3IEYI7LE,1,8,0,0.666666667,1,0.052842541,5,0.416666667,0
A2N0TKGBWMT01V,230,7,0,0.5,0,0.015343325,5,0.166666667,0
A1PZRUO0M31UKM,115,8,0.230769231,0.692307692,0,0.016224288,189,0.461538462,0
A39G26LKBXB83D,2394,3,0.473684211,0.552631579,0,0.013172606,222,0.315789474,1
A2D3BPHE38JUHG,345,3,0,1,0,0.018314952,19,0.2,1
A2YA7SQ1AS4YDT,47,3,0,0.714285714,0,0.026824719,21,0,0
A1TZYJE0LONWUE,0,7,0,0.857142857,0,0,13,0.142857143,0
A1C9C1QOQB94RT,692,10,0.185185185,0.296296296,0,0.016010085,759,0.62962963,1
A3OU1OR3J7F9Y,1433,3,0.523809524,0.714285714,0,0.035459729,-173,0.761904762,0
A1TIGO47NLQTNB,28,7,0.111111111,0.444444444,0,0.170189398,9,0.444444444,0
A3MYNR3A5OCOPP,219,2,0,1,0,0.060608136,10,0,1
A23O1A9JCEJFAR,217,4,0,0.3,0,0.050881867,13,0.5,0
A1VOOS3JQ0AI8C,790,6,0.166666667,0.9,1,0.049637413,272,0.4,0
A2UREP3Z9EU6V5,921,1,0.6,0.8,0,0.080274962,331,0.4,1
A6O8ZHB1FHF05,0,3,0,0.333333333,0,0.074775,1,0,1
A3MPA4860SN4AS,2,7,0.125,0.625,0,0.050049261,21,0.25,0
A17BDBZWSI3DGC,238,4,0,0.8,1,0.212208954,24,0,1
A2K9LBX0EFCVI0,545,4,0,0.375,0,0.042281677,2,0.25,0
A3GVJ88EHS08RZ,2615,2,0.076923077,0.461538462,1,0.027809083,37,0.230769231,1
A3Q0XNQUB1EILY,484,19,0.24,0.88,0,0.038223411,72,0.6,0
A2GNU0PNK6FFBZ,191,5,0,0.6,0,0.011065409,20,0.2,0
A3KNXWG1ZGUWW2,15,13,0,0.859375,0,0.02806995,266,0.671875,0
AHGG8UV27DSUT,546,8,0.058823529,0.705882353,0,0.016113316,197,0.529411765,0
AHXVI2A0Y9PE0,743,12,0.25,0.6875,0,0.024685326,97,0.5625,0
A2TLDOVBCGKCCU,1567,2,0.115384615,0.692307692,0,0.028885721,75,0.538461538,0
A18I5YUB8DA136,14,5,0,0.571428571,0,0.035588909,10,0,0
AGLDF01JCRKNM,104,1,0,1,0,0.145912957,6,1,1
A1NZ7OILVNER,342,4,0.142857143,0.285714286,0,0.026119495,62,0.285714286,0
A2AEZQ3DGBBLPR,1547,9,0.367567568,0.724324324,4,0.018341654,1064,0.724324324,0
A1O6769UB30EYT,1118,5,0.090909091,0.909090909,1,0.034106846,49,0.909090909,1
AJLUKM6BMGFUC,79,8,0.047619048,0.619047619,2,0.060577976,48,0.285714286,0
A23GHUUZOEVLWL,70,5,0.071428571,0.357142857,0,0.047290257,470,0.214285714,0
A12IAAONKCN8MY,35,4,0,1,0,0.032013726,4,0.333333333,0
A34H5H19BJFJ0N,658,2,0.066666667,0.866666667,0,0.042180637,61,0.333333333,1
A3NUH1FE8DH851,1766,5,0.333333333,0.911111111,0,0.065699451,13,0.822222222,0
AIJ3JAT8596TA,981,10,0.126865672,0.425373134,0,0.033074148,270,0.604477612,0
AVVME11JLX83E,0,4,0,1,0,0.063887054,1,0.5,1
A17OSNSSB6KKAQ,570,9,0.166666667,0.708333333,0,0.020878962,41,0.375,1
ADWZ4I7M2RQUD,0,11,0,1,0,1,27,0,1
A2VX8J2HVPUIOE,20,6,0,0.75,0,0.025653815,13,0.125,0
A3VQQANHY4TOWH,3,3,0.25,1,0,0,13,0.75,1
A1QFSNO1OROH4C,107,7,0,0.571428571,0,0.044626698,13,0.142857143,0
AU8XE59FCL364,17,10,0.090909091,0.363636364,0,0.008026963,33,0.090909091,0
A1DS0IESVWVVPF,2718,4,0.222222222,0.384615385,0,0.011372602,1380,0.820512821,1
A3J2Y2YF2GJYCR,0,11,0.272727273,0.636363636,0,0.032407439,24,0.272727273,0
A2SLNJTT9SH2JE,781,7,0.041666667,0.75,0,0.073068456,95,0.375,1
A3MA86XP7FF7Y5,656,13,0.1,0.85,0,0.053516781,213,0.5,0
A1DPC5FI28WCND,772,8,0,0.75,1,0.065905311,34,0.4375,1
A36BTPMVB6B84K,0,7,0,0.428571429,0,0.049840817,1,0.142857143,0
A3PP8U6JJEAYT6,1,7,0.125,0.75,0,0.033390903,99,0.25,0
A2O104FRC3E7XQ,127,2,0.111111111,0.777777778,0,0.032235123,62,0.333333333,0
A1DIZO95XRBLPO,1818,11,0.310344828,0.189655172,0,0.025179595,183,0.672413793,0
A3NBS3YQ372W51,70,17,0.166666667,0.833333333,0,0.034278749,126,0.388888889,0
A29G75YOG3SOW2,1814,2,0,0.428571429,0,0.052267435,98,0.857142857,0
A13586UCKKITJZ,1262,11,0.606425703,0.935742972,0,0.019761303,8822,0.975903614,1
ANCTEVATRGO0K,1770,2,0.181818182,0.545454545,0,0.022291979,432,0.727272727,0
A1BDNK3GOLPJL3,0,14,0,0.785714286,0,0.0706822,41,0.285714286,0
A18HZCWRMROOOO,302,7,0.05,0.75,0,0.027272416,47,0.45,1
A3FTI86WAVJOLG,2340,8,0.355932203,0.813559322,0,0.014251014,1273,0.728813559,1
A1MJMYLRTZ76ZX,2704,15,0.251577998,0.684400361,24,0.023826498,6674,0.88367899,1
AT3BIQE20JP0W,0,7,0,0.571428571,0,0.023285097,18,0,0
A2FLG9DZ86YKUH,0,8,0,0.75,0,0.01380282,18,0,0
A32AWWM4MZTUCC,1002,3,0.166666667,1,0,0.093589657,21,0.5,0
A35U032FGXAEGX,1162,9,0.181818182,0.909090909,0,0.053975069,37,0.545454545,0
A2IJN63SOS2GFK,108,5,0.5,1,0,0.137587278,-71,0.5,1
AZTY4WBRB5MAL,1620,11,0.333333333,0.793103448,1,0.070140975,2609,0.793103448,0
A3KINZJ0EVPP8J,371,5,0.083333333,0.75,0,0.111184507,29,0.25,0
A2OBHC9ED59WO1,1355,3,0.19047619,0.714285714,0,0.027433238,479,0.714285714,1
AA5YERAHCEVF7,169,3,0,1,0,0.193015318,22,0.25,1
AZNMO0H76R4RQ,5,4,0,0.6,0,0,6,0.2,0
A2VS9IF9ZZ7ELZ,24,2,0,0.333333333,0,0.214818996,7,0,0
AYH260VO0C81O,255,11,0,1,0,0.019831986,35,0.166666667,0
A3DP2PYYM7PSRY,658,2,0,0.636363636,0,0.018144082,38,0.636363636,0
A11D1KHM7DVOQK,1120,9,0.338557994,0.338557994,3,0.014730206,515,0.420062696,1
A189TB7N1DUUXT,0,3,0,0,0,1,6,0.333333333,1
A329BM2DN9OLXD,1516,4,0.311111111,0.533333333,0,0.0498775,111,0.733333333,1
A1HH98Z80VWGED,356,4,0,0.666666667,0,0.011513693,15,0.166666667,0
A335O0FIKMZJV,25,7,0,0.555555556,0,0.057544971,4,0.222222222,0
A2ACJ55JHHJ3FU,1092,34,0.100746269,0.791044776,3,0.01835621,690,0.876865672,1
A1P708DJ39TQ4W,55,8,0.111111111,0.666666667,0,0.025708955,24,0.444444444,1
A3RYW3OSMMU6SF,749,1,0.222222222,0.666666667,0,0.029598456,83,0.666666667,1
AYWO4G4XS5XC5,221,10,0,0.555555556,0,0.068607883,121,0.166666667,1
A1EWQD2XZFUNDA,0,9,0,0.666666667,0,0.039064167,16,0.222222222,1
A21UJDL6GPLYIU,0,12,0.083333333,0.666666667,0,0.023227728,28,0.5,0
A3KZV3WIH9MIK3,259,11,0.102564103,0.41025641,0,0.017098545,69,0.333333333,0
A18JP9X35XF2PU,265,12,0.157894737,0.842105263,1,0.060043774,44,0.368421053,0
A29BYXH9OZEK77,963,3,0.181818182,0.909090909,0,0.01557683,54,0.681818182,1
A231WM2Z2JL0U3,1923,8,0.293307087,0.513779528,4,0.014125458,6176,0.75,1
A31F1G0S4GXAKY,1124,6,0.230769231,0.307692308,0,0.050217616,84,0.615384615,0
ALLHJD3KZF9KC,559,5,0.131147541,0.672131148,0,0.018921186,341,0.639344262,0
A14J9L7NII9G5,949,23,0.323529412,0.264705882,0,0.29614826,163,0.088235294,1
A2MYRQNZM3YVX2,204,5,0,0.454545455,0,0.028711473,43,0.272727273,1
A8Z3ZTH2JN0SF,210,8,0,0.444444444,0,0.025461023,33,0.333333333,0
A48K4NKMK9X4P,0,8,0.375,1,0,0.008051104,4,1,1
ASDJ52QMLZ81S,0,3,0,0.333333333,0,0.202881102,6,0,1
A1U7LS93I03MFW,2885,11,0.155555556,0.733333333,0,0.057253638,107,0.844444444,0
AZK5QC4WZWSYK,0,10,0.1,0.1,0,0.031193393,4,0.2,0
A237NWWZHY1W2T,1,15,0.0625,0.4375,0,0.018532576,28,0.25,0
A2SRSRCC2TR2GM,73,4,0.1,0.35,0,0.028858961,281,0.4,0
A31JRXHMMN8JYX,2,3,0,0.833333333,0,0,4,0.333333333,0
A20JYIHL1W1U54,2082,11,0.221957041,0.821002387,3,0.014201495,1959,0.859188544,1
A2Q0GC0EVYNCY9,0,7,0,0.714285714,0,0.038127124,16,0.428571429,1
ARZMWVPOAYUYK,11,11,0,0.352941176,0,0.094078747,25,0.352941176,0
ANK4MDDTG4V98,0,6,0,0.833333333,0,0.079653979,4,0.166666667,0
A3BOUPGDLG7QPP,1653,14,0.120805369,0.724832215,1,0.020402799,2453,0.765100671,1
A1IANEBSMVGHS9,2355,12,0.205084746,0.627966102,14,0.015226596,4354,0.797457627,0
A2HHX876PGDZL,181,16,0,0.6,0,0.035888503,48,0.35,0
A24X89F47EHDSX,0,5,0.2,0.6,0,0.017998429,22,0,1
A24KGCRNXH9A2Z,156,2,0.090909091,0.909090909,0,0.027027687,8,0.545454545,1
AI508TETQZ28W,89,4,0,0.529411765,0,0.029196395,81,0.294117647,0
A3RWCJI1QN66W3,0,3,0,1,0,0,3,0,0
AZ7I5GAJZA3JO,509,4,0.142857143,0.571428571,1,0.081685898,53,0.357142857,1
A2BLITJITO97N5,2811,10,0.205078125,0.454191033,12,0.011737186,-183,0.575048733,1
A1Z6Y7YVU3Z7O6,0,3,0,1,0,0,1,0,0
A1GWLHT83J98FN,384,1,0.333333333,0.666666667,0,0.04808805,393,0.666666667,1
A1AIM02PP1FI0M,200,8,0,0.625,0,0.048310878,58,0.375,1
A1NOWEOLKMRRXM,2192,14,0.323353293,0.628742515,3,0.025062374,2755,0.847305389,0
A2IY49V4ARN4HC,852,4,0.15,0.7,1,0.033193101,1266,0.65,0
A8H0L1U33G66R,1887,3,0.136363636,0.5,0,0.02374879,149,0.681818182,0
A3PP444YA0Z0KA,1295,7,0.523809524,0.714285714,0,0.019926644,628,0.80952381,1
A22JJMA7YFDUDS,0,9,0,0.444444444,0,0.101719762,64,0.444444444,0
A37787I8C184FW,0,6,0.166666667,1,0,1,16,0,1
AM30DRA3YJBEK,645,15,0.157894737,0.578947368,0,0.052835233,40,0.315789474,0
A25B4C7DR0Q8WT,952,6,0.117647059,0.823529412,0,0.036414346,40,0.352941176,0
A1QDMTY8GQUPKP,0,4,0.5,1,0,0.009753601,16,0,1
A2OLQ18EOBZPE6,1189,2,0.375,0.8125,0,0.030302202,162,0.625,1
A17ETLRV8ZM674,1042,7,0.166666667,0.583333333,0,0.065726069,17,0.5,1
A30H2335OM7RD6,1974,21,0.252713178,0.772093023,13,0.029106001,4890,0.913178295,1
A5FS50VW0GWEE,435,7,0.163265306,0.673469388,0,0.023700262,-38,0.663265306,1
AG5MUG0TV9DW0,1665,5,0.083333333,0.75,0,0.107673781,227,0.333333333,0
AEK2R52E5WDWD,763,6,0,0.222222222,0,0.00730308,3,0.444444444,0
AYQV2QJZW98U8,3,2,0,0.75,0,0.042749786,11,0.25,0
A350H2P7HN9B8W,903,4,0.045454545,0.659090909,1,0.049221,301,0.590909091,0
A3A2RMW9SQS60B,650,5,0,0.384615385,0,0.077600269,64,0.692307692,1
A31WT55JAG5IWN,44,3,0,0.555555556,2,0.027777778,124,0.333333333,0
AQNVEJ4FMQV,0,6,0,0,0,0.07867744,0,0.166666667,0
A3QX3UDVO73D1Z,88,2,0,1,0,0.219142906,-81,0,1
A2B8NG3VC54K1C,104,1,0.333333333,0.833333333,0,0.048899243,59,0.416666667,0
A3CMO216CWOF5N,61,4,0.166666667,0.366666667,0,0.041740155,43,0.8,0
A1LCIJ00E80ATP,273,8,0,0.533333333,0,0.041541747,15,0.4,0
AEGBJ94DCVH5Y,978,6,0.137254902,0.558823529,1,0.016748925,714,0.823529412,1
ASF0JZOM4J44I,129,10,0.090909091,0.909090909,0,0.02858924,7,0.363636364,0
A23GFTVIETX7DS,2885,8,0.326530612,0.395176252,0,0.012476418,7503,0.840445269,0
A36BAPW3YDJNS1,1,10,0,0.727272727,0,0.017368097,27,0.545454545,0
A2CL818RN52NWN,206,20,0.430167598,0.664804469,0,0.039750862,1111,0.924581006,1
A32VISP9YA2BG8,583,5,0,0.545454545,0,0.008924092,-4,0.363636364,0
AZ1PS5SHWHE0U,987,5,0.040816327,0.612244898,0,0.021642994,413,0.693877551,1
A2X423ETX2CX3U,619,9,0,0.615384615,0,0.070921633,35,0.153846154,1
A11NO68VMXYIKK,0,3,0,1,0,0,3,0.333333333,0
A22EA9PD97QMYD,1509,4,0.066666667,0.666666667,0,0.036546062,128,0.6,1
A2RROM8KBPJS64,556,9,0,0.8,0,0.116661003,17,0.5,0
AKW4FG4FYIY8P,579,7,0.1,0.6,0,0.078551765,9,0.5,0
A1WESPJ0SY9WF8,12,9,0.9375,0.625,1,0.022005774,305,0.5,1
A1PH3E17SH7PGE,51,4,0,0.285714286,0,0.067364974,26,0,0
A362121VG0ZMSV,1736,4,0.217391304,0.869565217,0,0.07354332,37,0.782608696,1
A325J4UEI5W155,0,3,0,1,0,1,7,0,1
A1B2YFEAQP27EC,1,6,0.1,0.3,0,0.030935359,48,0.4,0
A1SADWW6HL2ZHW,1776,5,0.192307692,0.576923077,1,0.087657138,291,0.846153846,1
A208U42GARHSOR,1631,4,0.179487179,0.512820513,0,0.015883102,167,0.615384615,0
A1P4RH7KMJ1SV2,1680,3,0.230769231,0.564102564,0,0.026180882,442,0.743589744,0
A2GCGDHM8HDDYE,15,9,0.3,0.9,0,0.026290621,53,0.5,0
A3538OIPAIQ4TI,41,14,0.052631579,0.684210526,0,0.037453184,59,0.157894737,0
A3BHTTKQMEIZT8,508,3,0,1,0,0.103241887,18,0.25,0
A33SOZYOTU2MFR,197,6,0.047619048,0.761904762,0,0.026705432,273,0.285714286,1
A3QYJRK7YVBSU2,10,12,0,0.807692308,0,0.055089065,41,0.307692308,0
A7EJERNB7IK3Z,560,4,0.163636364,0.836363636,0,0.017309389,218,0.590909091,0
A1YP58YSQN0QQE,189,13,0,0.733333333,0,0.02410466,19,0.066666667,1
A1B40B4PIC2U7Y,0,6,0,0.5,0,0.030506903,-6,0,0
A39KIFR965H0CX,2532,13,0.335078534,0.340314136,0,0.02113584,984,0.638743455,1
AN92S28RV1FQ4,2345,5,0.365168539,0.617977528,0,0.010994593,647,0.43258427,0
ATFUVH4JDMBPS,49,12,0,0.571428571,0,0.037763182,9,0.285714286,0
A3TK5TSBYTCRYD,1036,8,0.055555556,0.722222222,0,0.026002746,76,0.444444444,0
A3EKH53KAQ7O6S,1,10,0.117647059,0.647058824,0,0.018636682,117,0.470588235,0
AJWA3TU1218AQ,94,4,0,0.8,0,0.167112003,33,0.1,1
A13SY2N1JXJQOB,262,1,0,0.714285714,0,0.138008669,6,0.285714286,0
A1WUPF0L9YH9JL,137,8,0.125,0.625,0,0.087546056,50,0.3125,0
A3P6E109ZGN3DY,0,5,0,0.6,0,0.103952426,14,0,0
A6FIAB28IS79,3195,6,0.288968825,0.537170264,13,0.007980351,6401,0.833333333,0
A13V8OBHC3247U,298,5,0.076923077,0.692307692,0,0.038607807,58,0.538461538,0
A12DLJESJKM1OQ,1148,16,0.45,0.71,0,0.025682615,1421,0.79,1
A1VQ6XJE30QZOG,703,14,0.136363636,0.522727273,0,0.017051499,207,0.477272727,0
ABLOQZIL42W7I,1019,43,0.749642346,0.505007153,1,0.042913227,9693,0.663805436,1
A4ZPD068ZFR1W,216,2,0.1,0.8,0,0.085428215,2,0.1,0
A1QCPCX9YM2VQP,196,10,0,0.571428571,0,0.046916369,40,0.142857143,0
A1HBL1QZ1PK7JB,86,4,0,0.5,0,0.064222031,17,0.125,1
A1BDH1LPYXZ6Z8,1991,5,0.533333333,0.8,2,0.115539974,134,0.333333333,1
A8N448P97WY8S,313,4,0.076923077,0.769230769,0,0.065467099,43,0.230769231,1
A2S9IDC1IZH7WN,1,5,0,0.714285714,0,0.476190476,-28,0,1
A37E71E0QFP724,46,6,0.333333333,1,3,0.089438369,-326,0.333333333,1
A1J6Z9T0L4F4XR,2,15,0.075,0.925,0,0.038540346,150,0.575,0
A1O9P9IU3V7Z3Q,7,2,0,1,0,0.063887054,6,0,0
A2WQPDZDL25RBJ,0,4,0.25,1,0,0,-15,0,1
A3NVSUFF2RPXOV,18,14,0.111111111,0.916666667,0,0.021858084,70,0.527777778,1
A2BI2TZBY6RFFR,294,5,0.166666667,0.5,0,0.010777416,24,0.416666667,0
A1Q1YBPP2XRXEI,341,5,0,0.625,0,0.062777335,17,0.25,0
A3C1DT21JWS02,128,5,0,0.5,0,0.038571661,14,0.1,0
AWPODHOB4GFWL,2638,17,0.302839117,0.649842271,12,0.011923351,8888,0.771293375,1
A1365M5OLN8UE7,851,12,0.205479452,0.810810811,5,0.030940186,714,0.824324324,1
A4NMP5G16Z8SL,2202,2,0.5,0.5,0,0.062548281,105,0.125,1
A2HOI4FW3RWJ4Q,1,8,0.333333333,1,0,1,22,0,1
A3PPXFIVMJ9MV8,611,5,0,0.555555556,0,0.033605383,108,0.5,0
AEWO20J4JGO5U,6,2,0,1,0,0.811661879,-24,0,0
A2X2IMHMK8178U,33,15,0.079365079,0.714285714,0,0.027929453,302,0.523809524,0
AC1AE0EZM25BJ,392,2,0.125,0.75,0,0.078731668,10,0.5,1
AFL0IN4DW32S2,299,8,0.090909091,0.727272727,0,0.046119794,150,0.636363636,0
A30040YUELK24L,160,9,0.108695652,0.369565217,0,0.027909977,215,0.847826087,0
A3CG8KJZX27J00,0,4,0,1,0,1,182,1,1
A1G6SY0ZYUL1QB,0,13,0.153846154,0.153846154,0,0.100880644,50,0.230769231,1
A3MHMM7V648YZA,670,6,0.076923077,0.692307692,0,0.064512048,1,0.615384615,0
A31H1INNAWFXA2,2356,2,0.142857143,0.428571429,0,0.030110453,19,0.142857143,1
AF9SQ0S6UR8N1,288,5,0.090909091,0.454545455,0,0.012797843,38,0.363636364,0
A21911QJJHVGD2,2051,2,0.512195122,0.341463415,1,0.012128031,1382,0.829268293,1
A3FSNTTZPBLFO3,34,3,0,0.666666667,0,0.021647863,26,0,0
A187X2TXYMRJ1U,329,2,0,0.428571429,0,0.055998416,7,0.142857143,0
A2IE7YPWUYZAXS,2202,4,0.371212121,0.765151515,3,0.021403895,1380,0.734848485,1
A2L90R8633NPWZ,97,8,0,1,0,0.018580148,22,0.416666667,0
A1V7O3TXW2FQD5,446,6,0.161764706,0.691176471,0,0.023340244,134,0.602941176,0
A3OGFKAFLLWK4R,3152,6,0.243902439,0.609756098,0,0.010783922,6468,0.317073171,0
A66QP0796987B,70,7,0.076923077,0.615384615,0,0.043310847,38,0.307692308,0
AEI34ZODALIIV,204,8,0,1,0,0.076430551,4,0.444444444,0
A2P4C2AN8E8R54,78,3,0,0.8,0,0,5,0.2,1
A2TT4C5LUMP4PE,7,2,0,1,0,0,1,1,1
A29GU2CT4AJTXP,253,3,0.181818182,0.454545455,0,0.030377412,27,0.181818182,1
A10UA219PG4Q74,3111,5,0.348623853,0.495412844,5,0.021501666,1191,0.678899083,1
A4N8G8JYU6HLD,444,4,0,0.666666667,0,0.048833472,28,0.444444444,0
AVSMRPI23DQI2,805,5,0.277777778,0.888888889,1,0.034909846,57,0.944444444,1
A1X53269YNT4HS,552,6,0,0.428571429,0,0.090463638,5,0.285714286,0
A9NP9OT6H1K6V,2013,3,0.363636364,0.636363636,0,0.108965043,18,0.181818182,1
A1QUNN7QYWTUVD,337,4,0,0.714285714,0,0.009549592,15,0.571428571,0
A37UUJL3ZK0YA5,0,4,1,1,0,0.351395545,10,1,1
A3O6PACMG98ZNU,12,2,0,1,0,0.28332116,7,0,1
A1AQW2X6UZ2XJ0,0,3,0.333333333,0.333333333,0,0,2,0.333333333,1
A2AEZGHUGFGBXN,3,7,0.090909091,0.818181818,1,0.071170209,61,0.363636364,0
A1BGY6CNHYVLJO,0,9,0.111111111,0.666666667,0,0.028210792,40,0.444444444,0
A28FRGJMMTWKKD,863,4,0.176470588,0.529411765,0,0.015331339,178,0.529411765,0
ALVW82072T0V6,601,10,0.214285714,0.642857143,0,0.062007296,11,0.428571429,0
A1SXGLIHO1FL92,762,3,0.176470588,0.823529412,1,0.015376893,72,0.529411765,0
ASGI7E0AJ8H5X,451,8,0.16091954,0.701149425,0,0.031531087,1518,0.597701149,0
AER1TLREWVSCE,0,4,0,1,0,1,6,0.5,1
AGVY193PRPLZC,165,4,0.578947368,0.894736842,0,0.023632387,89,0.842105263,0
AZW7H7DMY3OS3,683,4,0.125,0.625,0,0.006390138,21,0.75,1
A13910TC3NZ6LE,2116,7,0.168918919,0.533783784,0,0.02132662,570,0.655405405,0
A1522TN5FVJL0Y,1264,13,0.333333333,0.755555556,3,0.023796285,707,0.766666667,0
A2W4ADYEAOX7TD,0,6,0,0.666666667,0,0.20452208,4,0,0
A2JT5X557H8JWX,1573,5,0.089285714,0.669642857,7,0.01963537,211,0.714285714,1
A28NTWYXPFTQTB,508,1,0,0.75,0,0.108840695,39,0.75,1
A30OOWIQKF1NGD,144,5,0,1,0,0.044289488,28,0,1
A1CYTV9HPSAPHG,24,4,0.142857143,0,0,0.052232681,15,0,0
A1P7IC86JVPWII,237,8,0,1,0,0.121289964,-16,0.5,1
ASVBKZ91FYK9J,25,8,0.090909091,0.727272727,2,0.062885588,42,0.181818182,0
A2VRI3ZF5XFTHT,58,3,0,0.25,0,0.114754937,5,0,0
A36TT3RFL77ZKU,0,3,0,1,0,0.058089779,-1,0,1
A2BOHVCSTB994S,1095,2,0,0.75,0,0.413873685,26,0,1
A18OD5X1SOX00M,735,21,0.057142857,0.885714286,2,0.065099867,352,0.228571429,0
A3UQ6O0N3OOW8B,0,8,0,0.5,0,0.007930451,10,0.375,0
A7MISVGBHFVWD,0,15,0.266666667,0.866666667,0,0.277012882,12,0,1
A1NZLJZNEWAMVQ,1,4,0,0.6,0,0.06326712,-1,0.4,0
A37MK3UFQ42BJM,152,16,0.05,0.6,0,0.026048112,216,0.3,0
A26QMRF2F590ZD,1141,3,0.166666667,0.566666667,0,0.017228112,239,0.7,1
A3FUHBS7MIZT0W,0,6,0,0.5,0,0.040416359,8,0,1
A1QKY25YJU2TX7,82,7,0.230769231,0.846153846,0,0.147235786,17,0.230769231,1
A9TJYY7P2R280,0,5,0,1,0,1,17,0,1
A1DNWA98IV5PMW,419,3,0.093023256,0.744186047,0,0.02935106,327,0.395348837,1
AA9FJOTLOAS1N,35,7,0.157894737,0.789473684,0,0.051813654,16,0.315789474,0
A2WFV18C1ISOGQ,61,2,0,0.333333333,0,0,4,0,0
A3GNTEIE9FHCXB,1,8,0,0.666666667,0,0.029196103,24,0.222222222,0
A3RBI5561EMQHV,689,4,0,0.857142857,3,0.229966601,130,0.857142857,1
A1IPO6YTNOK8GR,2527,5,0.272727273,1,0,0.033118603,10,0.454545455,1
A3THUA1MU3ZJY8,2427,1,0.4,1,1,0.013736826,28,1,1
A2F6KJKSD9Q0DJ,101,1,0,0.666666667,0,0.047632719,9,0.333333333,1
ALUNVOQRXOZIA,2253,16,0.247933884,0.867768595,2,0.027017715,1701,0.851239669,0
AIQXAQSR63UAI,110,2,0,0.333333333,0,0.102245902,2,0,1
A1NYQUHCN7R4E1,206,4,0.1,1,1,0.337647192,26,0.2,1
A1LHJITXVSASJE,0,3,0,0.666666667,0,0.034561852,3,0,0
A3GSTS027GTYG5,938,3,0,0.25,0,0.050496851,24,0.375,0
A1L7REYQN5NSZ2,1438,2,0.136363636,0.636363636,1,0.01842781,97,0.818181818,1
A2539BIZ6GYRBX,2127,4,0.0625,0.5,0,0.008633009,37,0.25,0
A2CVY1RVYHF2GK,0,9,0,0.666666667,0,0.031048431,38,0.333333333,1
ANKM0NBAHZY9A,0,4,0,1,0,0.042749786,12,0.25,0
A2NYCFREDJJ275,268,4,0.071428571,1,0,0.058647431,43,0.5,0
A1KY6LJAW1POE1,399,8,0,0.625,0,0.027949867,50,0.4375,0
AB10W5FUXWAJ,2068,3,0.032,0.192,0,0.027771401,252,0.472,0
A2J5Y9MKKQTXGW,705,9,0.057692308,0.480769231,2,0.031504916,47,0.634615385,1
A25HBO5V8S8SEA,405,182,0.650793651,0.989417989,1,0.927908772,1950,0.984126984,1
A2AYRQZTZI8MB3,1346,4,0.2,1,0,0.050608867,-288,0.5,1
A3RK6W401Z6MTP,81,2,0,1,0,0.053781279,13,0,0
A231776FXQA2BR,0,16,0.0625,0.8125,0,0.051727608,38,0.3125,0
A519Z38U7ZAFH,11,3,0,0.571428571,0,0.02356235,18,0.285714286,0
A1Y1LOYGMNDNYB,130,2,0,0.666666667,0,0.09845293,1,0.166666667,0
A1UP0WF2IIJQHQ,1,7,0,0.545454545,0,0.065560066,27,0.181818182,0
A1MTWS5FLH1J4E,0,3,0,1,0,0.092526235,8,0,1
A9726YE8SZR7W,1414,3,0.204081633,0.591836735,0,0.020239736,581,0.693877551,0
ASTQMYNESCQKH,927,5,0.256410256,0.615384615,0,0.025107705,352,0.512820513,0
A2YD3RZB3Y2UKE,4,3,0,0.8,0,0.066301309,11,0,0
AYV21CGNNXRPL,962,5,0.058823529,0.764705882,0,0.103873244,18,0.411764706,1
A35KD1U1M387I0,1535,14,0.32642487,0.756476684,3,0.025105551,756,0.865284974,1
A3G84WIDBUP1OW,227,3,0,0.714285714,0,0.02283878,114,0.5,1
A36P0ZWEFZD22B,533,4,0.2,0.6,0,0.078474631,29,0.2,1
A1M5P9TYPKHYLF,1773,4,0.24137931,0.724137931,2,0.03675075,1313,0.689655172,0
A1R8VUHEGPI9RV,286,5,0,0.363636364,1,0.082322252,15,0.181818182,1
A19EF05WDNULJS,155,9,0,0.636363636,0,0.051561375,34,0.636363636,0
AMMWXVR95HRTK,172,3,0,0.833333333,0,0.031380609,94,0.25,1
AROQY9F0QOGWL,7,3,0,0.833333333,0,0.30204532,12,0.166666667,0
A1DZDOL1S7HA1A,0,4,1,1,0,0.209416453,3,1,1
A1SHLMPWR0FOVT,619,8,0.258064516,0.483870968,0,0.041104336,154,0.419354839,0
A2XYO35OLXHIKP,168,5,0,0.583333333,0,0.048272078,17,0.25,0
AX95SK36ZYIF7,345,6,0.035714286,0.714285714,0,0.045488204,142,0.357142857,0
A3FFDK09UJS1TD,316,7,0.222222222,0.777777778,0,0.032836242,165,0.111111111,0
A3B8CW50D04ZWQ,28,3,0,0.75,0,0,6,0.5,1
A3E5FPO13BD8A7,33,3,0,0.4,0,0.021397477,9,0,0
A3IP10HWDLY89A,1185,1,0.166666667,0.5,0,0.2,49,0,1
A381MT950I6KRL,626,4,0.217391304,0.52173913,0,0.017641198,56,0.391304348,0
A2VNV04N3BXO03,148,19,0,0.625,0,0.041818219,31,0.291666667,0
A3SWY9IV1VD13Z,0,14,0.071428571,0.642857143,0,0.050884844,-124,0.285714286,0
AC0QXTD5JEAT8,446,2,0.571428571,1,0,0.043565886,15,1,1
A2ZTD9Y1GL3FMC,824,10,0.090909091,0.727272727,0,0.010171861,20,0.272727273,0
A3L60UJZQ0O0R5,351,8,0.079365079,0.80952381,0,0.016880148,87,0.650793651,0
A27J5X42IMQITI,118,3,0,0.75,0,0.083286887,18,0.375,1
A397VXS3L3U68J,0,7,0,0.857142857,0,0.01539599,7,0,0
A1K4AJXUXUB60H,12,6,0.222222222,0.888888889,0,0.307972689,11,0.111111111,0
AO93THI72QF1U,2369,9,0,0.8,0,0.027223662,18,0.3,1
A3TUZOJZM9008Y,2199,20,0.353413655,0.654618474,1,0.0231557,2705,0.795180723,1
A2TIF15R47LX8I,0,3,0,1,0,0.083820504,0,0,0
A9Z0BTL31IPU8,0,7,0,0.571428571,0,0.09434954,2,0.142857143,0
A27SUWI7LP7WKG,0,7,0,0.857142857,0,0.03127929,3,0.428571429,0
A2ZED80OSK8HLU,1321,7,0.083333333,0.5,0,0.01346328,27,0.166666667,0
AVU5VP4X3DAUJ,30,8,0.111111111,0.555555556,0,0.0382456,1,0.444444444,0
A15V0W7UZW0I9V,0,6,1,1,0,0.026804354,12,0.833333333,1
A1C8V13RD60LTR,317,4,0.682926829,0.87804878,1,0.023596986,911,0.829268293,1
A254LYRIZUYXZG,0,3,0.333333333,1,0,0.099748489,-1,0.666666667,1
A2XUQN9HUD6ISG,1525,8,0.108695652,0.717391304,1,0.077317269,286,0.630434783,0
A3HSQD4KEAC60O,924,5,0.210526316,0.736842105,0,0.024412648,370,0.421052632,0
APUQA996FH6U1,593,5,0,0.666666667,0,0.019035869,138,0.555555556,1
A8HZL68EGLI18,263,6,0.470588235,0.705882353,2,0.070133568,312,0.588235294,1
A1D6KK1ZXDB5V6,84,7,0,0.8,0,0.093316244,58,0.266666667,1
A2414IZESOZB73,93,4,0,1,0,0.023490553,32,0,0
AX0RUB2BACQ7V,133,1,0.125,0.875,0,0.023381867,192,0,0
A2PDVUCIZ3KQE7,1296,3,0,0.714285714,1,0.094987154,18,0.285714286,0
A2GKW94L6HRND7,336,6,0.037037037,0.481481481,0,0.046968443,87,0.62962963,1
A1XTRCXQYYHMMM,49,12,0.058823529,0.705882353,0,0.03663554,77,0.352941176,0
AWE8HU0AZKASV,0,7,0.142857143,1,0,1,15,0.142857143,1
A1SDIQSV4EMCES,0,6,0.166666667,1,0,0.062244089,12,0.833333333,1
A3PXX92YUMGMBG,1,6,0.142857143,1,0,1,26,0.142857143,1
A2G1YXID84J9T9,52,6,0.1875,0.5,0,0.03467723,9,1,1
ARRNWHSERQV26,18,6,0.111111111,0.555555556,0,0.037047726,0,0.111111111,0
A30AXUOZHZ1T61,870,9,0.367346939,0.591836735,0,0.077874426,583,0.714285714,1
A139OMXW5NQ3SE,0,5,0,1,0,0.2,6,0,1
A32LG1V858C6R,311,3,0.066666667,0.866666667,0,0.025909129,28,0.466666667,0
ADFRDFLRH3NL5,38,2,0,0.625,1,0.059444057,116,0.375,0
A14XPNZ6VOYJ42,34,4,0,0.833333333,0,0,2,0.333333333,0
A24594TZE508SU,0,3,0.333333333,1,0,0,-63,0,1
AZK9CCTYQNRNL,779,33,0.257142857,0.746938776,2,0.036879759,1505,0.853061224,0
A4IYJAQJGUSF0,136,3,0,0.75,0,0.029345094,1,0.25,0
A1B23P1EVL3EGI,124,5,0,0.4,0,0.006443611,12,0.4,0
A26HFSVLAGULIM,1924,11,0.536541889,0.727272727,1,0.01912229,2357,0.884135472,1
A2IMLPUXYQJTSY,2618,2,0.375,1,1,0.016387733,-600,0.75,1
A1SH2M0LXT323,980,3,0.24137931,0.655172414,0,0.022000255,575,0.706896552,0
A3U7X9WM653YPS,1784,4,0.194444444,0.472222222,0,0.020208308,206,0.638888889,0
A3NCIN6TNL0MGA,2680,5,0.302325581,0.717607973,7,0.012912629,1733,0.840531561,1
A1BM8Q68BVS2PZ,0,7,0,0.857142857,0,0.267095247,4,0,0
AKH1QCEMS4ZI3,138,11,0,0.85,0,0.02644599,26,0.3,0
A2I9IO15NUIIHJ,2006,3,0.237623762,0.455445545,2,0.015964684,662,0.821782178,1
A1ZAUZLTIHFLZ4,721,6,0.142857143,0.642857143,0,0.041741574,49,0.285714286,1
A34X1ZUFF91H29,577,3,0.208333333,0.833333333,0,0.036903289,524,0.583333333,1
A28U4Z2OSPRGH9,0,10,0.1,0.9,0,0.068743993,47,0.4,0
A1EXDO435S1N1E,1198,14,0.304347826,0.652173913,0,0.014508483,220,0.391304348,0
A2NY6RUUUPK7ZL,340,8,0.142857143,0.428571429,0,0.047898039,45,0.357142857,0
A1JJOV69MAU2J2,1890,17,0.208860759,0.594936709,9,0.017147555,5204,0.67721519,0
AHNHLGKIZ2N3B,1256,9,0.133928571,0.410714286,0,0.019808781,1917,0.526785714,0
AH08VXUUDIRTO,1110,6,0.258064516,0.580645161,1,0.017921409,196,0.774193548,1
A13DHG44RUZTRZ,18,6,0,0.555555556,0,0.04613454,13,0,0
ASRHEG5WWB4BP,1385,6,0.071428571,0.571428571,0,0.027190577,103,0.214285714,0
A3JOZPLMNSWVI2,44,3,0,0.25,0,0.042749786,4,0.25,0
A1Z0LTKUA6F94D,1475,4,0.147058824,0.441176471,0,0.032577264,194,0.558823529,0
AK06ZEWC5CY09,61,5,0,0.333333333,0,0.044520887,-1,0.333333333,1
A222799DXKB773,304,3,0,1,0,0.039292873,4,0.166666667,0
A3USYYEV9CK7RF,0,3,0,1,0,0,4,0,1
A1UJSOZN1ERD2A,1380,5,0.208333333,0.625,1,0.042186759,83,0.583333333,0
A34UMPW5R73IY3,0,14,0,0.571428571,0,0.058577176,60,0.357142857,0
A2K5FK58JSWXJ9,56,7,0.176470588,0.705882353,0,0.076613753,75,0.705882353,1
A304K1ZFHB6Y53,195,3,0.058823529,0.294117647,0,0.040697384,119,0.235294118,0
A3UH2J8ZB4T4O7,183,5,0.071428571,0.857142857,0,0.030230617,49,0.214285714,0
A5JLAU2ARJ0BO,2325,11,0.290870488,0.557324841,12,0.013930395,10247,0.563694268,1
AEJAGHLC675A7,1767,7,0.137931034,0.965517241,1,0.036195424,458,0.862068966,0
A14UFSSFUD3KKM,899,5,0,0.625,0,0.021495835,153,0.333333333,0
A22S7D0LP8GRDH,1559,16,0.437810945,0.736318408,4,0.027436425,2858,0.810945274,1
A1N73UFVNIVF5C,0,4,1,1,0,0.203221575,3,1,1
ARW6UAXT62O0T,7,5,0,0.125,0,0.052769819,60,0.125,0
A24XPJGD2WXK6G,176,3,0,0.666666667,0,0.046894312,19,0.111111111,0
A3C7MGYLZ7REYL,449,5,0.125,0.8125,0,0.073058368,90,0.3125,0
AXFP1WEDDEMWU,0,16,0.0625,0.75,0,0.046679076,28,0.5,0
A1TCN8WGYEFV2Z,14,5,0,0.466666667,0,0.031823023,30,0.2,0
A30YHJ33T663IH,2327,5,0.56097561,0.707317073,1,0.018729925,392,0.853658537,1
A3NMIZOMLSFOEM,290,45,0.106382979,0.936170213,0,0.019654057,119,0.531914894,0
A23S3T8I6TAJOL,0,4,0,0.75,0,0,20,1,1
A3JTHYZWIFP4LM,2,9,0,0.8,0,0.183534435,24,0.3,1
AG8JQ5YLFA91B,559,2,0,1,0,0.034561852,8,0,0
A307YFSORUAXSQ,1158,8,0.18556701,0.804123711,0,0.020536566,1610,0.628865979,0
AFM7DWQ762149,1461,5,0.327272727,0.581818182,0,0.02456913,621,0.563636364,0
A2TVJ0YDW3QO63,2106,13,0.297752809,0.679775281,0,0.022985766,744,0.893258427,1
ASY8EDCXAURIK,301,3,0,0.8,0,0.150282465,37,0.2,0
A1BWQT2377BQDS,0,3,0,1,0,0.06347272,3,0,0
A1OO0MWJJ1EB41,947,4,0,0.5,0,0.022651785,107,0.6875,0
AGTC2WP31BCKY,1,2,0,0.5,0,0.114133013,6,0.5,0
A1E46AJ1HSBI1W,963,10,0.230769231,0.846153846,0,0.461538462,43,0.153846154,1
A32FGHKCNU8P5U,331,6,0.076923077,0.871794872,0,0.025535399,479,0.538461538,1
A3GQKB1KF0CRPE,1979,14,0.383426966,0.832865169,145,0.01225904,13600,0.912219101,1
A24GTIZ0MPYMPI,343,3,0,0.818181818,0,0.03447769,44,0.272727273,0
AMNI6AZZZCAL4,1,5,0,0.75,0,0.065282262,24,0.25,0
A1ZFEN9RTB58OD,0,5,0,0.8,0,0,7,0,1
A3PBOVTBB5A7AP,41,7,0,0.909090909,0,0.093027941,18,0.545454545,1
ALR35EFI69S5R,2614,16,0.252497729,0.705722071,27,0.018673997,26875,0.947320618,1
A2SEIN7KXDKK9J,581,12,0.04,0.4,0,0.028935308,55,0.4,0
APZU87AQ2MNE4,0,9,0,0.666666667,0,0.111111111,10,0.333333333,0
A1DUHRGW5CEQCG,30,5,0,0.888888889,0,0.109349619,17,0,0
A2SLPVWB3X97OL,1565,5,0.071428571,0.642857143,0,0.031519079,56,0.142857143,0
A1I5U3MLWOKYW5,0,5,0.2,0,0,0.823533925,24,1,1
AD7LK10CPHZEA,107,5,0,0.5,0,0.021184795,79,0.166666667,1
A3SVVANRXYISC7,0,3,0,0.333333333,0,0,7,0,0
A3A73FMG629P9W,198,14,0,0.5,1,0.053913954,178,0.208333333,0
A3OY1IKJKJTHNJ,954,9,0.074074074,0.555555556,1,0.025170508,123,0.37037037,0
A2ASMLXBQ3FHMV,0,6,0,0.666666667,0,0.018088481,2,0.333333333,0
A1NVD0TKNS1GT5,2015,13,0.23566879,0.700636943,3,0.018338115,838,0.898089172,1
A2YHY8ML2V4QJ9,0,4,0.75,1,0,0.5,347,0,1
A24OC65OEL9FII,1,5,0,0.5,0,0.179619085,1,0.333333333,1
A2JFOHC9W629IE,2220,6,0.308510638,0.64893617,0,0.025576397,507,0.79787234,0
A2SH4ZYS302G0U,1621,3,0.088235294,0.411764706,1,0.024581287,41,0.470588235,1
A3HAIX41Y0JXBO,0,8,0,0.5,0,0.062292152,70,0.125,0
A365A1WPQZ7VUZ,120,5,0.071428571,0.857142857,0,0.285043574,77,0.642857143,1
AUJAQDPZMNUOC,384,7,0,0.923076923,1,0.073829642,-10,0.153846154,1
A3R0XHJBXTIBJD,0,4,0,0.75,0,0,5,0,0
A1GKCWPYU5ZLZG,0,4,1,1,0,0.796900122,1,1,1
A9WQLZJRRVRH,176,5,0,0.9,0,0.020229011,29,0.3,0
A2C27IQUH9N1Z,2192,12,0.263829787,0.527659574,15,0.015253088,6842,0.829787234,0
A1DJFZXCJXCAXZ,415,4,0.074074074,0.62962963,0,0.027475945,61,0.37037037,0
A1GOJL8ZS95UKO,133,14,0.3125,0.6875,0,0.037532271,68,0.333333333,0
A1P3A0JRNPK57E,113,13,0.0625,0.8125,0,0.04055356,41,0.3125,0
ASG5ETH7NYJOW,0,3,0,1,0,0,3,0,0
A3KMEVLH32TAIX,0,8,0.25,0.5,0,0.68878301,-61,0,1
A76GI87NI7Q0L,118,5,0,0.636363636,0,0.114492124,13,0.181818182,0
A2PYVGSSU769XB,0,5,0,0.4,0,0.056978322,2,0.2,0
A1QR9SFWALEGMA,606,5,0.090909091,0.727272727,0,0.063642643,46,0.181818182,0
A30VJWINLY409Y,0,3,0,0,0,0,3,0,0
A2PPTE764NPMFI,288,2,0,0.909090909,0,0.071127395,-35,0.454545455,0
A1O6R8R9BH159F,1029,10,0.176470588,0.941176471,2,0.060824175,337,0.970588235,1
A1EMDSTJDUE6B0,2698,17,0.226736566,0.76146789,8,0.023602711,1552,0.857142857,1
A3UFQ6AD7I3APQ,204,15,0,0.611111111,0,0.029347315,9,0.222222222,0
A2EJEPB99SALH5,0,3,0,1,0,0.111349618,0,0.333333333,0
AZI0QX8X6342A,53,5,1,1,0,0.036265434,57,1,1
ADLZJAODZKPO5,297,7,0.088235294,0.382352941,0,0.026467281,169,0.441176471,0
ARMPKSP0N92M1,72,6,0,0.647058824,2,0.0723507,85,0.470588235,0
A3212D3F4AU2J,139,7,0.076923077,0.846153846,0,0.046442878,467,0.384615385,1
A2D5KFZ1146DYX,0,3,1,0,0,1,-1,0,1
A38G64S5VMRI1P,2203,6,0.131428571,0.485714286,12,0.014876095,1615,0.548571429,1
A2Q7VY0358PA3W,233,2,0.25,1,0,0.148979217,28,1,1
AXJTNYD3UK1BP,1184,9,0.292134831,0.606741573,0,0.014417144,416,0.831460674,0
AJIUPANM6OB1Z,1097,3,0.25,1,0,0.130416753,9,0.75,0
A13THTOCMVGPHN,221,4,0.111111111,0.666666667,0,0.081780418,21,0,0
A1E7QLJVWNFOZY,2256,8,0.27480916,0.633587786,2,0.017693017,2577,0.748091603,1
A9WP905F9819N,1,4,0.6,0.8,0,0.597973118,67,0,1
A16BC2TMK217AZ,249,8,0.0625,0.8125,0,0.025657729,55,0.6875,0
A1JQGEF3OWYND,101,6,0,0.714285714,0,0.070013515,23,0.142857143,0
A1AE6H6RG87UL4,324,6,0,0.25,0,0.094446515,26,0.125,0
A174AQ2AY4E2RO,743,7,0,0.75,0,0.041599535,22,0.541666667,0
A25QHS0VY4QHU5,3,3,0.166666667,0.833333333,0,0.222444916,-19,0.333333333,1
A1OVERR2X1A6AY,759,3,0.076923077,0.576923077,0,0.029763747,116,0.384615385,0
A28R83ADQPMF2X,30,9,0.266666667,0.8,2,0.119466407,81,0.766666667,1
A1GQKWBCFUJJYW,436,5,0,0.625,0,0.041324806,16,0.125,0
A3J8J67LKAYGRZ,0,8,0,0.875,0,0.058167209,9,0.25,0
A3RNNYB2OG1WMF,2311,6,0.052631579,0.421052632,0,0.016919686,11,0.473684211,1
A355B9HM87SFHE,925,6,0.173913043,0.456521739,0,0.034072713,329,0.630434783,1
A1AS6LS0H09F1L,59,3,0,1,0,0,10,0.25,0
A38YONCDL9DZKU,530,6,0.25,0.75,0,0,34,0.375,0
A3KRD3PKRLCNSR,19,7,0,0.75,0,0.011695277,25,0.75,0
A15T5Y4KEG9KSY,0,12,0,0.666666667,0,0.031486608,6,0.333333333,0
A15U5ZSFC0Q0EJ,22,6,0,0.428571429,0,0,11,0.285714286,0
A2BXRSNO3OVFV3,326,5,0.1,0.9,0,0.020445545,16,0.5,0
A5FUY5F180G67,148,6,0,0.916666667,0,0.02968525,59,0.25,0
A20RZC0744VXRN,42,4,0.25,0.75,0,0.034508131,87,0.125,0
A1XAYSI96X8YVH,1021,3,0.098039216,0.509803922,1,0.028359716,925,0.490196078,0
AW3VZ5O895LRK,1689,11,0.19,0.64,1,0.01292734,2522,0.836666667,0
ADP4UERBB3LVI,56,3,0,0.5,0,0.07876942,11,0.375,0
A3B35PX256JIA0,271,4,0.05,0.65,0,0.044587198,31,0.15,0
A27X79CCRVDXCQ,66,14,0,0.5,1,0.096848444,66,0.222222222,1
A2J96R1J6MDMEV,0,8,0.25,1,0,0.709501411,9,0.25,1
A1JWSDDIH5Z7DV,2707,9,0.453012048,0.775903614,5,0.027450635,3195,0.985542169,1
A287RK0E48IGFN,0,7,0.285714286,1,0,1,1,1,0
A2BJC09BVK3R7R,1071,4,0.142857143,0.952380952,0,0.044102928,102,0.761904762,1
A3DC7Y9HO0C457,1793,4,0.093023256,0.674418605,0,0.02606095,208,0.511627907,0
A3QIIFCE6T9KUE,403,16,0.450704225,0.76056338,0,0.031106989,871,0.845070423,1
A4CJHIO8KSIB5,266,6,0.090909091,0.818181818,0,0.033627924,19,0.272727273,0
A1MW9XG9GB9EGX,0,6,0,0.666666667,0,0.085724195,9,0,0
A1D0KL9ZD7SU56,385,3,0.111111111,0.444444444,0,0.053141848,66,0.666666667,1
A22131YB0I9PBM,805,4,0.254901961,0.568627451,0,0.04143754,638,0.549019608,1
AEF5BE07FP5JV,194,3,0,0.875,0,0.021066088,23,0.5,0
AB9RCC4GWVO0J,316,5,0,0.75,0,0.02553412,34,0.125,0
A3L9ZOK1RSPMAO,1,4,0,0.8,0,0,3,0,0
A2QLVQE77NHMX,0,7,0,0.714285714,0,0.083893941,29,0.142857143,0
A7Y6AVS576M03,2116,15,0.339875112,0.789473684,31,0.011317375,5186,0.863514719,1
A2A4T3NHN1P5ZS,410,33,0.270833333,0.770833333,0,0.028276623,853,0.6875,0
A3OF0RJQRSMBQS,31,1,0,0.25,0,0,-46,0.5,1
A20XVYRWD886YU,44,7,0,0.625,0,0.040054373,7,0.375,0
A2CMHIZUH6ZMQT,1913,5,0.114285714,0.685714286,0,0.017698247,696,0.485714286,0
A1HTYARLOYQRUK,0,16,0.1875,0.5,0,0.231604619,-1,0.625,1
A2B7WYKF8RLNYV,262,3,0,0.444444444,0,0.043945173,14,0,0
A12OAW0LAY5IFX,3,10,0.4375,1,0,0.020614651,27,0.9375,1
A3NEW4SINQ8216,1790,2,0.142857143,0.714285714,0,0.052185893,61,0.428571429,1
A2ZA4FYM7ML6QP,239,4,0.058823529,1,0,0.095447958,198,0.235294118,0
A2B3CH9MB8K9BP,139,2,0,1,0,0.038888652,13,0.375,0
A2Y341TQVWA4O2,48,1,0.6,0.8,1,0.214799493,273,0.4,1
AUZKBB2A7CZPB,511,2,0.357142857,0.785714286,0,0.046112649,-136,0.642857143,0
A3Y9BX5AS769T,0,8,0.375,1,0,0.652571728,32,0.125,1
A3A8ZWV1PQWXK5,1053,7,0.208333333,0.166666667,0,0.050807413,25,0.708333333,0
A1VGI1696JE9XC,277,4,0,0.625,0,0.027972353,85,0.375,0
A2K40JBQHJY1HH,1576,8,0.241635688,0.713754647,1,0.020548525,2665,0.828996283,1
A3NBP6SJO0BSRU,2025,11,0.465909091,0.488636364,0,0.016058749,1029,0.670454545,1
A2V0Q781PF78Q4,89,4,0.153846154,0.846153846,0,0.02772147,56,0.153846154,0
AY499UHLEYIXT,46,12,0.055555556,0.611111111,0,0.025633957,51,0.611111111,0
A16837CKPTA07O,1376,3,0.095238095,0.476190476,0,0.015802567,273,0.619047619,0
A1NIS16GN43GPF,0,4,0,0.5,0,0.10340455,2,0,0
A1MMVPXI5B8AGQ,920,4,0.272727273,0.454545455,0,0.038062202,32,0.303030303,0
ACUANYF1ZM0IX,4,3,0,1,0,0.122023606,30,0.5,0
AJULT2ERCY811,1,5,0,0.833333333,0,0.038195836,19,0.333333333,0
A1O70AIHNS4EIY,0,3,0.333333333,1,0,0.13689636,-4,0.666666667,1
AYMD77ITD15PT,2230,3,0.287878788,0.560606061,0,0.047303684,238,0.772727273,0
A2HHAV29CZ1OIE,959,9,0.307692308,0.730769231,0,0.021431181,199,0.538461538,0
A2PDN5RJEYWBF3,0,3,0,1,0,0.333333333,9,0,1
A272Z4Y9N4HWOQ,13,2,0,0.666666667,0,0.092763601,1,0,1
A3M666LJCG5W0G,94,3,0.083333333,0.416666667,0,0.008170907,33,0.333333333,0
ATNYXN8F6PRPJ,0,3,0,0.333333333,0,0,5,0.333333333,0
A32XND6UOYBJVC,252,6,0,0.818181818,0,0.01009286,16,0.545454545,0
A3F0X1IE5FG5P6,9,9,0,1,0,0.108140284,11,0.25,0
A39ETA11IMLUOD,264,5,0.111111111,0.444444444,0,0.044221805,11,0.222222222,1
A2G94X1TSXEU60,444,4,0.368421053,0.315789474,0,0.031273859,76,0.842105263,1
A376INY8S41G00,1811,3,0.384615385,0.487179487,0,0.020768803,512,0.717948718,0
A1H1JZ79JTKO6C,516,6,0,0.523809524,1,0.025407527,74,0.380952381,0
A1M8GVY3N78RIZ,916,10,0.310344828,0.448275862,0,0.036117971,11,0.655172414,0
A15S4XW3CRISZ5,1503,9,0.358695652,0.293478261,4,0.025397995,1381,0.619565217,1
A1NZLIMEO1MWZ1,60,3,0.1,0.9,1,0.047526509,44,0.4,0
A1KG9EEQIKPVHD,0,4,0,0.75,0,0,10,0,0
A9POBC9UI319T,67,6,0.272727273,0.363636364,0,0.040712504,35,0.545454545,0
A1PRJKOYX5X95E,310,3,0.111111111,0.555555556,0,0.031242138,26,0.444444444,0
A2DD00NS1AX1DC,407,3,0,0.75,0,0,3,0.25,1
A14ME4FQBNFYWH,2361,5,0.25,0.29375,1,0.021100792,1750,0.75,0
A2396ASCFP9L7F,637,4,0.1125,0.6,2,0.027990679,578,0.7875,0
A2O5TLE802NTA8,1813,5,0.285714286,0.871428571,0,0.039881268,493,0.842857143,1
A3N42CHD2U50RA,11,4,0,1,0,0.302154666,4,0.285714286,1
A3EW2L59UBHQSG,2307,9,0.345132743,0.513274336,4,0.00962221,3025,0.766961652,1
A2EK5O0F1YVZRO,21,2,0,0.333333333,0,0.071720171,-2,0.333333333,1
A3GQSZ2RVVXDCZ,2691,3,0.333333333,0.305555556,0,0.012360501,243,0.638888889,1
A3UYX588IJKPB8,229,8,0,0.608695652,0,0.032967147,45,0.304347826,0
A1494GCUO0H5B4,251,6,0.2,0.68,1,0.029148727,158,0.52,0
A2RYM522VZ3MEX,0,7,0.142857143,0.428571429,0,0,9,0,0
A1CGOXRZ1A9PCY,179,15,0.095238095,0.952380952,0,0.050792957,59,0.333333333,0
A1240KDIIONFDP,0,7,1,1,0,0.891859445,6,0,0
A2WZYCOGHEO9AG,26,4,0,0.6,0,0,11,0.4,0
A1BMLZR62M9R2G,26,3,0,0.75,0,0.180777369,2,0,0
A3BRNM177PM13S,219,4,0,0.625,0,0.0373545,26,0.25,0
A2CLD5FSSXMYBT,2157,3,0.523809524,0.523809524,0,0.032542083,64,0.761904762,0
A33ULIP6QANJ1,6,2,0,0.833333333,0,0,6,0,0
A1GPB5BR58TKP5,107,5,0,0.75,0,0.018576209,23,0.25,0
A4WJFOESUVXUS,1625,2,0,1,0,0.024237806,25,0.375,0
A90Z9N4P5EX4,479,7,0,0.555555556,0,0.039071601,18,0.222222222,0
A4WEZJOIZIV4U,398,7,0.311111111,0.644444444,0,0.05155547,1026,0.9,1
A86UUB1PRYX7P,0,8,0,0.875,1,0.118580779,9,0.5,1
A31FXEP9JKYU3I,100,6,0,0.636363636,0,0.020281262,21,0.363636364,0
A1QBRKLKJGR0VW,0,4,0,0.25,0,0.063887054,5,0.25,1
ARJBGF8NEMDDF,120,5,0,0.4,0,0.021076615,37,0.3,0
A2065HBMYDXJ1S,627,16,0.111111111,0.515151515,0,0.050650874,118,0.626262626,0
A1CL7L9GJ9LUAU,0,8,0,0.625,0,0.037378008,4,0.5,0
AD0Y7ICDAGWIM,19,6,0,0.857142857,0,0.030011027,19,0.285714286,0
A3GCZR3N3B0ZJS,126,5,0,0.428571429,0,0.040934374,57,0.571428571,0
A20L63B48RPSOH,820,7,0.315789474,0.736842105,0,0.022968006,40,0.526315789,0
A301OOJQXCXXO5,219,3,0.066666667,0.733333333,1,0.191407081,36,0.733333333,1
A1WWH5E5EIHM65,0,6,0,0.333333333,0,0,12,0,0
A481MXO720JIQ,880,11,0.205128205,0.435897436,3,0.052681931,592,0.58974359,1
A1021X1F41GBCJ,249,5,0.076923077,0.692307692,0,0.04953444,77,0.384615385,0
A1SEN9QYQ8JVDA,275,22,0.407407407,0.888888889,0,0.035454139,51,0.111111111,1
A1J8PVEAZUSS6L,1,11,0.047619048,0.857142857,0,0.032792889,60,0.19047619,0
A2OU2DE24VQIUD,0,3,0,0.666666667,0,0,3,0,0
A1JN9LG64QH1P,0,4,0,0.75,0,0,4,0,1
A3TRPVAGT3NWBS,1892,7,0.16,0.5,2,0.02897564,635,0.54,1
A3AGIOKDN01U4U,936,8,0.198019802,0.772277228,1,0.011748971,198,0.831683168,1
A1R9QOPV6HVEKF,1545,7,0.141414141,0.737373737,2,0.016023651,721,0.858585859,1
AQ6XS10RR7CE0,2030,4,0.085714286,0.371428571,2,0.053733042,92,0.571428571,0
A33FS5H3CPDR6D,965,11,0.345588235,0.794117647,0,0.030545218,1167,0.772058824,1
A2MNP2DJ9XMVXP,222,6,0,0.583333333,0,0.015674927,20,0.333333333,0
A18XHWYK3CO3IJ,103,2,0,1,1,0,41,0,1
A1MBL1WU2YO99E,0,3,0,0,0,1,2,0.666666667,1
A272CUYSXEA5MJ,0,5,0,0.8,0,0.026513165,28,0.2,1
A16PYXCYPUTF27,3,8,0.272727273,1,0,0.029099571,30,0.909090909,1
AZUMVJS0QEND3,498,2,0.111111111,0.5,0,0.031117169,19,0.166666667,0
APP8XWYYV4PAA,1546,5,0.204545455,0.772727273,1,0.039475966,143,0.704545455,1
A1OTXKX48QHA3W,0,4,0,1,0,0.050245959,-120,0,0
A181XY4FUF2B7,780,6,0.169811321,0.622641509,0,0.027170209,261,0.509433962,0
AZOS9XXZ6R68Q,940,7,0,0.4375,0,0.014031155,90,0.4375,1
AT2J7H5TRZM8Z,432,21,0.131782946,0.511627907,1,0.014517943,3002,0.713178295,1
A1BA9YVS6QC41,1,4,0,0.285714286,0,0.027723207,30,0.285714286,0
A1O3ONM1MJM7EM,1520,2,0.173913043,0.52173913,0,0.023814971,477,0.369565217,1
A3P2JENZ6RSJ05,769,5,0,0.714285714,0,0.080587201,10,0.285714286,1
AEGQWVR6KWBV,2128,7,0.315315315,0.504504505,1,0.027302699,7386,0.603603604,0
A1ISUNUWG0K02V,2037,9,0.125,0.65,0,0.050730399,707,0.725,1
A1SDGZL3VXTWYM,2,6,0.090909091,0.181818182,0,0.103212098,103,0.181818182,0
A1JUBRIZMO0RJV,1340,4,0.679245283,0.886792453,0,0.040371384,2950,0.830188679,1
A2JA42IJCW66SJ,117,3,0.333333333,1,0,0.073275507,12,0.333333333,0
A15Q3QEHN5JVLA,134,8,0.090909091,0.363636364,0,0.035814897,69,0.181818182,1
A1S5O0AJBVK7EY,17,11,0.083333333,0.75,0,0.064203526,30,0.25,0
A1B6SNJSCSP45B,585,6,0.4,0.5,0,0.020783015,843,0.68,1
A1N2A612LRQ9AS,115,2,0,0.8,0,0.023490553,4,0.4,0
A2ZQXHBN605JTB,832,9,0.120567376,0.758865248,13,0.023864228,841,0.773049645,1
A4XRKSD7CCPSH,54,2,1,1,1,0.261417987,9,0.5,1
A2765KML72LKLT,86,4,0,0.428571429,0,0.210062188,41,0.285714286,0
A2UYLD3M1LV4VY,85,15,0.043478261,0.391304348,0,0.034723751,1179,0.347826087,0
A1OGYRRAG9DWNM,203,4,0,1,0,0.027313603,9,0.333333333,0
A2T70SN2VZHOR4,294,4,0,0.333333333,0,0.026080299,60,0.5,0
A3GZQ0YGN6V7CP,0,5,0,0.8,0,0.047972734,5,0,0
A2T8KEA8791MQ0,274,12,0,0.555555556,1,0.055461287,16,0.166666667,0
A1PBMVVY4GRILU,108,6,0,0.5,0,0.028952191,15,0.125,0
A1RDW6TU6LRT49,762,5,0,0.888888889,1,0.111072206,18,0.111111111,1
A1QQDHM5YMLQ8Z,2087,3,0.111111111,0.644444444,0,0.029755305,322,0.8,1
A39Z7FI22O8EQQ,18,2,0.142857143,0.285714286,0,0.132280446,82,0,0
A2LPN2IMCGRUUJ,0,17,0.058823529,0.647058824,0,0.049176857,199,0.294117647,1
A321UXJ9AW1YSG,165,12,0.117647059,0.529411765,0,0.039883641,70,0.411764706,0
A14JBDSWKPKTZA,1738,15,0.237536657,0.93255132,5,0.023807516,5573,0.973607038,1
AALSKXNSX065U,0,7,0,0.857142857,0,0.008110844,3,0.142857143,0
A35MX8T75O5DR9,35,7,0,0.444444444,0,0.065841912,7,0.333333333,0
ANDCIRDLNLV47,492,15,0.088235294,0.735294118,0,0.047797797,57,0.411764706,0
ABT82RWRGGZPK,559,10,0.181818182,0.848484848,0,0.030029249,-103,0.545454545,1
AA5N9W24LKFKH,9,4,0,0.8,0,0.093280235,3,0.4,0
A3K3SE4RK846WO,444,25,0.048780488,0.609756098,0,0.028303594,76,0.365853659,1
A1LVN237Q3PJJT,93,4,0,0.909090909,0,0.030279202,38,0.363636364,0
A1OR68PHVXQECE,253,2,0,0.428571429,0,0.074232798,34,0.142857143,0
A2EGK0YRDF4ZZB,2294,6,0.262711864,0.748587571,3,0.016238582,2596,0.898305085,0
A2Y5R0F7U0AUV2,854,31,0.027777778,0.861111111,0,0.072747846,189,0.444444444,0
AAEDI63SPD3PU,1001,12,0.068965517,0.689655172,0,0.021396374,235,0.586206897,0
A3PUQMYVCHJDC4,252,12,0,0.552631579,0,0.035855758,153,0.368421053,0
AQ9O4X1NOISQD,223,2,0,0.714285714,0,0.053264045,34,0.285714286,1
A2IGOVA0ITJGMO,62,7,0.04,0.8,1,0.03323275,243,0.4,1
A1L8HRCM60W0W7,2128,10,0.140198511,0.327543424,15,0.010744025,9556,0.635235732,0
A44KEHAEYV88K,17,2,0,0.75,0,0.055853803,11,0.25,1
A1Q1T811N4IY3Z,441,4,0.156862745,0.411764706,0,0.038789395,1389,0.509803922,0
A3TJSMN9UO0XMT,1,9,0.25,0.375,2,0.036378116,39,0.5,1
A1PJQPRNJIJGWF,378,6,0.133333333,0.933333333,0,0.039681985,160,0.533333333,1
A3LT5MUZPG76AX,440,10,0.090909091,0.636363636,0,0.024438596,11,0.090909091,0
A2GBAEFYYUFH28,367,4,0,0.666666667,0,0.053240971,13,0.333333333,1
A23ZO1BVFFLGHO,1270,10,0.326530612,0.775510204,1,0.033541882,754,0.87755102,1
A1GUX6R8DV3ZLY,380,3,0.096774194,0.64516129,0,0.029971791,686,0.322580645,0
A2ZQLGWMIB0GI4,298,2,0,0.8,0,0.05342532,14,0.2,0
A1G9SNNWU5XAI9,186,8,0,0.526315789,0,0.03605308,51,0.263157895,0
A32R3RWA8KQ6C6,2328,4,0.1,0.5,1,0.047698085,27,0.5,0
A17TRQ4EVXGZXL,1079,5,0,0.75,0,0.101583702,16,0.416666667,0
A2XCALYSPH9WUV,1034,7,0.142857143,0.857142857,1,0.022913666,80,0.5,1
A15L4ODA9WIHC4,276,7,0,0.9,0,0.063802851,33,0.2,0
A2ED4OF0BRGNW4,773,6,0.133333333,0.8,0,0.048400783,22,0.666666667,1
A3F3B6HY9RJI04,2384,10,0.114285714,0.471428571,1,0.016633295,1507,0.647619048,1
A3PR0KNBP01UR9,1928,7,0.177777778,0.477777778,2,0.022325654,924,0.266666667,1
A361YFOJZAY0BR,1,3,0,1,0,1,8,0,1
A1KD8NJPZ01R37,1815,6,0.201550388,0.472868217,8,0.012147257,-78,0.457364341,0
AO2V6YDDYQ2CR,624,4,0.071428571,0.821428571,1,0.010010778,-29,0.464285714,1
A18A5G5W3APAT2,717,3,0,0.833333333,0,0.102208653,24,0.666666667,0
AATKBOVQF5TUF,0,3,0,1,0,0.200126429,28,0,1
A3G5LXQZYIO6E7,1,6,0.285714286,0.714285714,0,0.130695293,13,0.428571429,0
AEBOD21JROJ4G,978,9,0.142857143,0.428571429,0,0.028602906,864,0.685714286,1
A19PYO91C6JNV2,68,3,0.2,0.6,1,0.11269686,99,0.2,0
AG78NCYYTD3S1,439,6,0.066666667,0.733333333,0,0.027789112,123,0.466666667,0
A368PSGLWB6VBU,318,7,0.117647059,0.588235294,2,0.031829341,37,0.235294118,0
A23IEX8L10XWE2,20,5,0,0.615384615,0,0.022171595,58,0.307692308,0
A1CRT2UI0YIOQN,1786,5,0.111111111,0.388888889,0,0.038372339,60,0.333333333,0
AT2BYFEVLVITT,539,14,0.296774194,0.638709677,2,0.025394795,584,0.761290323,1
A2JT5GJIPU8EIO,0,6,0,1,0,0.033411109,11,0.333333333,0
A18NZJT9G9DS13,197,8,0.045454545,0.818181818,0,0.034509856,68,0.227272727,0
A24NMGWFSRKB8C,136,4,0.142857143,0.571428571,0,0.014600655,20,0.285714286,0
A2R0OQ3H17GYNA,8,3,0.142857143,0.857142857,0,0.014098628,12,0.142857143,0
A1I7BJSEVHW2DU,1427,7,0.157894737,0.736842105,0,0.0217029,128,0.684210526,0
A263B27YRDOSHW,5,7,0,0.75,0,0.119055192,9,0,1
A25TAOMXYI0HEU,9,9,0.3,0.7,0,0.027189344,38,0.4,0
A2VATPGQ29KFP6,0,3,0,1,0,0,-7,0,1
A1IP4X4E7HV161,0,8,0.375,0.625,1,0.093111603,10,0.625,1
A3UIATN5XW74NQ,1,7,0.125,1,0,0.846450051,22,0.125,1
A2VV0TJNJT9D3O,1764,16,0.086956522,0.617391304,3,0.017684988,1005,0.72173913,0
A1ZTLE0JCBHDTA,826,4,0.071428571,0.535714286,0,0.038334959,98,0.357142857,0
A1QYRI2FBD8G9O,1,5,0,0.333333333,0,0.083220535,6,0,0
A3UZEEB464VFRJ,469,4,0,0.833333333,0,0.1581776,10,0.5,1
AN30G4IKL1BMZ,1436,8,0.347826087,0.630434783,1,0.029234151,292,0.739130435,1
A2HJPNTWYUER7I,1916,7,0.05,0.75,0,0.05247332,37,0.55,0
A31VBGQFDJZ21J,0,7,0.142857143,0.285714286,0,0.042570591,9,0.142857143,0
A31Y9DCH5TVAV5,129,14,0.05,0.65,0,0.051638783,52,0.25,0
A1RZ9P8QDXYU50,378,4,0,1,0,0.05881808,10,0.333333333,1
A12CFVCGT6RPEQ,1432,2,0.5,0.9,0,0.060708631,525,0.55,0
A2M039YTBYBSGV,168,4,0.3,0.9,0,0.07002181,42,0.5,1
A2BEKR2X7DTK9V,0,3,0,0.666666667,0,0,17,0,1
A1S39KLSH6P5XO,1094,13,0.106060606,0.696969697,0,0.026633029,520,0.575757576,0
A1OL8IISTUIYBC,480,4,0.18,0.42,2,0.056509692,215,0.5,0
A17WHBI7921035,10,6,0,0.75,0,0.131425441,21,0.5,1
A1V274P96J88Z5,41,6,0.892857143,1,0,0.040716831,55,1,1
A3M49OCYNJ0X4,111,8,0,0.444444444,0,0.033898506,24,0.333333333,0
A3D34I343LG3F1,623,10,0.055555556,0.5,0,0.061508829,142,0.5,0
AWKWWYN80M3PV,168,4,0,0.333333333,0,0.004016424,24,0.333333333,0
A263WXPDQTJ6VW,0,3,0,1,0,0.046813531,4,0.333333333,0
A1I73W3C57J931,1,7,0,0.625,0,0.092545143,29,0.5,0
A29V2RC4F4HVO2,92,7,0,0.75,0,0.010856131,113,0.25,0
A3SA5RH4KJUK3T,446,4,0.111111111,0.888888889,0,0.200646514,7,0.333333333,1
A25MARY0Z17GNY,13,7,0.090909091,0.727272727,0,0.027168095,26,0.363636364,1
AHYPBBLBVS54P,137,5,0.142857143,0.142857143,0,0.037711706,1,0.214285714,0
A2F16DVDT9K81W,32,3,0,0.666666667,0,0.029541202,5,0.222222222,0
A1ME5FUV8TPAK8,1181,1,0,1,0,0.008581303,140,0.4,1
A3FIJ8CQ7W4A7B,16,12,0.047619048,0.523809524,0,0.026482261,27,0.380952381,0
A7IKOAH6M8WAC,1453,9,0.166666667,0.75,0,0.027186186,48,0.833333333,0
A1IGZAAHL1T2YV,741,3,0,0.8,0,0,4,0.2,0
A17VIBT0O9LTPO,715,19,0.128787879,0.78030303,0,0.032967076,1166,0.492424242,0
A1IU7S4HCK1XK0,2653,78,0.370967742,0.652073733,29,0.012532926,24358,0.881912442,0
A1D4NLOGC25CEK,2223,2,0.181818182,0.545454545,0,0.026125868,100,0.181818182,0
A2M1FY0AKXCD19,288,2,0.25,1,0,0.23189955,10,0.75,1
A23JM7PFVJ5T8Q,450,8,0,0.714285714,0,0.038423869,95,0.285714286,0
A39GSJKG87YY22,1,3,0,0.666666667,0,0.070488365,13,0.333333333,1
AYFQ8ML2PYZ1D,0,6,1,1,0,0.666666667,4,0.166666667,1
A37CZULJGF3JSX,81,3,0.142857143,0.857142857,0,0.011999676,30,0,0
A2EA7DOH959B3V,324,5,0.25,0.5,0,0.048906676,480,0.5,0
A313L3YRM0SH4S,118,8,0.125,0.666666667,0,0.022176182,157,0.75,1